filename,x,y,width,height
b00mXpDa2KjZ1b8xWs1aq7vRVvI.jpg,690.7982177734375,560.6371459960938,45.351654052734375,39.81597900390625
b00mXpDa2KjZ1b8xWs1aq7vRVvI.jpg,1004.2131042480469,791.8374328613281,43.049530029296875,46.09686279296875
b00mXpDa2KjZ1b8xWs1aq7vRVvI.jpg,611.7470092773438,738.1961059570312,91.8251953125,84.91448974609375
b00mXpDa2KjZ1b8xWs1aq7vRVvI.jpg,905.6687622070312,749.5751953125,79.74609375,84.65643310546875
b00mXpDa2KjZ1b8xWs1aq7vRVvI.jpg,708.5882263183594,613.4530029296875,94.32522583007812,72.13681030273438
b00mXpDa2KjZ1b8xWs1aq7vRVvI.jpg,886.2957458496094,571.8551635742188,54.94647216796875,48.3751220703125
b00mXpDa2KjZ1b8xWs1aq7vRVvI.jpg,960.0906677246094,604.4164733886719,55.594970703125,60.015167236328125
b00mXpDa2KjZ1b8xWs1aq7vRVvI.jpg,967.8313293457031,839.1624145507812,48.100189208984375,42.928802490234375
b00mXpDa2KjZ1b8xWs1aq7vRVvI.jpg,761.6335754394531,551.0426940917969,39.777557373046875,30.9007568359375
b00mXpDa2KjZ1b8xWs1aq7vRVvI.jpg,869.9553833007812,632.4848327636719,82.6644287109375,78.60955810546875
b00s9swai4uy9RmDXcnkiY1PpZ2M.jpg,610.1786193847656,555.6721801757812,52.402435302734375,47.337432861328125
b00s9swai4uy9RmDXcnkiY1PpZ2M.jpg,844.7518920898438,592.2151184082031,68.14144897460938,65.50741577148438
b00s9swai4uy9RmDXcnkiY1PpZ2M.jpg,564.1000366210938,766.2073974609375,82.58648681640625,75.4105224609375
b00s9swai4uy9RmDXcnkiY1PpZ2M.jpg,691.2660522460938,536.0155639648438,60.85321044921875,46.92926025390625
b0BBwUoWkQfXpAUn8gvPh0AJy1hQ.jpg,,,,
b0DaRvfMv4Ve9fQ7-vmzY5lXanY.jpg,,,,
b0Dkf149PgiY8uzDB1naeNyC0L9A.jpg,869.5654907226562,847.1761474609375,80.13848876953125,65.1998291015625
b0Dkf149PgiY8uzDB1naeNyC0L9A.jpg,705.0413818359375,926.1884765625,69.5938720703125,56.43756103515625
b0Dkf149PgiY8uzDB1naeNyC0L9A.jpg,866.1675415039062,730.34765625,74.54425048828125,64.5001220703125
b0Dkf149PgiY8uzDB1naeNyC0L9A.jpg,621.298583984375,814.0307006835938,67.502197265625,64.50872802734375
b0F36HFy2D01M3WdyopeVzzKaP4.jpg,,,,
b0G-uQyqygMNBuOC3sBij5u5NruI.jpg,921.026611328125,686.0496826171875,43.31427001953125,31.259033203125
b0K9go-7zp6ItpVeN-bmIwAgU12Y.jpg,,,,
b0KXwBrE57rCtnxjL2jKk0AXGwCI.jpg,776.4315795898438,514.0780944824219,69.4720458984375,45.60272216796875
b0KXwBrE57rCtnxjL2jKk0AXGwCI.jpg,979.3690795898438,545.2145690917969,60.527313232421875,65.56866455078125
b0KXwBrE57rCtnxjL2jKk0AXGwCI.jpg,1037.5172729492188,852.0701293945312,46.28076171875,61.348388671875
b0KXwBrE57rCtnxjL2jKk0AXGwCI.jpg,822.31396484375,954.9037475585938,76.84152221679688,54.56829833984375
b0KXwBrE57rCtnxjL2jKk0AXGwCI.jpg,925.8864440917969,579.0708312988281,72.81167602539062,65.78167724609375
b0KXwBrE57rCtnxjL2jKk0AXGwCI.jpg,841.9903869628906,635.67236328125,92.1241455078125,75.50674438476562
b0KXwBrE57rCtnxjL2jKk0AXGwCI.jpg,811.0208129882812,562.5655212402344,72.1025390625,56.387847900390625
b0KXwBrE57rCtnxjL2jKk0AXGwCI.jpg,973.7438049316406,813.8715515136719,58.679901123046875,80.6937255859375
b0KXwBrE57rCtnxjL2jKk0AXGwCI.jpg,836.2696228027344,889.89794921875,87.04949951171875,63.722991943359375
b0KXwBrE57rCtnxjL2jKk0AXGwCI.jpg,870.0364074707031,799.606201171875,81.10333251953125,72.4998779296875
b0Kn3PC0uM7Bezjtf3JSNN4utEFQ.jpg,,,,
b0L47KvdLx-mkD5k5cwhvQ2QTQU.jpg,413.2669372558594,420.90130615234375,75.34201049804688,89.8309326171875
b0L47KvdLx-mkD5k5cwhvQ2QTQU.jpg,318.1889343261719,338.03558349609375,66.64877319335938,51.736328125
b0L47KvdLx-mkD5k5cwhvQ2QTQU.jpg,295.0067138671875,529.8104248046875,89.173828125,72.5634765625
b0L47KvdLx-mkD5k5cwhvQ2QTQU.jpg,228.3579864501953,431.0434875488281,56.50654602050781,50.390716552734375
b0LLoYT8lOeGd8hpo6aLHmL-5pT4.jpg,843.92578125,972.4690856933594,82.39248657226562,61.758026123046875
b0LLoYT8lOeGd8hpo6aLHmL-5pT4.jpg,738.091064453125,988.6441955566406,65.43777465820312,64.97525024414062
b0LLoYT8lOeGd8hpo6aLHmL-5pT4.jpg,951.8466491699219,710.9560852050781,77.25656127929688,67.22256469726562
b0LLoYT8lOeGd8hpo6aLHmL-5pT4.jpg,536.4345703125,524.1803588867188,44.3438720703125,37.02496337890625
b0LLoYT8lOeGd8hpo6aLHmL-5pT4.jpg,796.3212280273438,524.1803588867188,45.4747314453125,46.35943603515625
b0LLoYT8lOeGd8hpo6aLHmL-5pT4.jpg,568.941650390625,558.3428649902344,84.89755249023438,70.34173583984375
b0LLoYT8lOeGd8hpo6aLHmL-5pT4.jpg,570.8830871582031,811.1447143554688,90.12777709960938,84.90792846679688
b0LLoYT8lOeGd8hpo6aLHmL-5pT4.jpg,771.9423828125,886.644287109375,88.290283203125,79.18109130859375
b0LLoYT8lOeGd8hpo6aLHmL-5pT4.jpg,890.5599365234375,620.6343688964844,72.31024169921875,70.62442016601562
b0LLoYT8lOeGd8hpo6aLHmL-5pT4.jpg,726.3300170898438,554.3160095214844,79.06021118164062,74.81500244140625
b0LLoYT8lOeGd8hpo6aLHmL-5pT4.jpg,644.4656677246094,633.2510681152344,85.26116943359375,71.15866088867188
b0LLoYT8lOeGd8hpo6aLHmL-5pT4.jpg,467.75511169433594,836.5953979492188,81.86203002929688,72.580810546875
b0LLoYT8lOeGd8hpo6aLHmL-5pT4.jpg,844.0804748535156,712.3844909667969,86.086669921875,80.15692138671875
b0LLoYT8lOeGd8hpo6aLHmL-5pT4.jpg,564.67724609375,930.9371948242188,75.38778686523438,71.515625
b0LYIGfI6gFSterx6DJKwJ9Zg3E.jpg,807.7130126953125,575.7447509765625,64.43588256835938,64.70654296875
b0LYIGfI6gFSterx6DJKwJ9Zg3E.jpg,912.8639526367188,616.9115295410156,63.244873046875,65.76025390625
b0LYIGfI6gFSterx6DJKwJ9Zg3E.jpg,580.2308044433594,741.7238159179688,66.1986083984375,61.9647216796875
b0LYIGfI6gFSterx6DJKwJ9Zg3E.jpg,957.6189270019531,792.4758911132812,71.8382568359375,70.50588989257812
b0LYIGfI6gFSterx6DJKwJ9Zg3E.jpg,556.8018493652344,822.8446350097656,62.427154541015625,61.939056396484375
b0LYIGfI6gFSterx6DJKwJ9Zg3E.jpg,731.1167602539062,961.171630859375,55.05767822265625,49.22528076171875
b0LYIGfI6gFSterx6DJKwJ9Zg3E.jpg,884.6412048339844,877.6697692871094,74.36434936523438,61.4195556640625
b0LiPieg7tDNlft3O44KHiQLJfG0.jpg,,,,
b0MZDymZfztR6Li2iVOkNao9pu4.jpg,770.8775634765625,894.9837646484375,46.82574462890625,54.794830322265625
b0MZDymZfztR6Li2iVOkNao9pu4.jpg,913.6807861328125,681.02978515625,39.06329345703125,40.5687255859375
b0MZDymZfztR6Li2iVOkNao9pu4.jpg,677.7052612304688,607.140869140625,46.00054931640625,50.71112060546875
b0MZDymZfztR6Li2iVOkNao9pu4.jpg,576.9338989257812,765.3564453125,43.63824462890625,47.287109375
b0MZDymZfztR6Li2iVOkNao9pu4.jpg,847.1838684082031,682.8287048339844,66.96371459960938,61.31121826171875
b0MZDymZfztR6Li2iVOkNao9pu4.jpg,748.2304992675781,605.0381164550781,36.765289306640625,39.53277587890625
b0MZDymZfztR6Li2iVOkNao9pu4.jpg,858.623291015625,639.9923706054688,37.740814208984375,35.91632080078125
b0MZDymZfztR6Li2iVOkNao9pu4.jpg,836.9588928222656,892.6304931640625,48.82891845703125,45.639801025390625
b0MZDymZfztR6Li2iVOkNao9pu4.jpg,619.7664794921875,826.5892944335938,49.738037109375,44.91552734375
b0Msk1jnAwtPhahEHHzP0-ui49mI.jpg,590.45751953125,645.6088256835938,87.99102783203125,87.99090576171875
b0Msk1jnAwtPhahEHHzP0-ui49mI.jpg,739.1975402832031,550.6584167480469,91.39779663085938,82.60379028320312
b0Msk1jnAwtPhahEHHzP0-ui49mI.jpg,634.3790893554688,810.2885131835938,89.7867431640625,71.7496337890625
b0Msk1jnAwtPhahEHHzP0-ui49mI.jpg,858.614013671875,667.1895141601562,83.30438232421875,78.39306640625
b0NBYxpf9pmWFONmMYhOHIEbAya0.jpg,914.86083984375,773.3769226074219,68.29901123046875,64.7572021484375
b0NBYxpf9pmWFONmMYhOHIEbAya0.jpg,784.498779296875,576.1865234375,80.62518310546875,70.5469970703125
b0NBYxpf9pmWFONmMYhOHIEbAya0.jpg,645.81591796875,568.687744140625,72.5626220703125,75.892578125
b0NBYxpf9pmWFONmMYhOHIEbAya0.jpg,582.6105651855469,855.0190124511719,48.818634033203125,50.96923828125
b0NBYxpf9pmWFONmMYhOHIEbAya0.jpg,879.0353088378906,874.8680419921875,70.330078125,55.13507080078125
b0NBYxpf9pmWFONmMYhOHIEbAya0.jpg,534.852783203125,757.2517700195312,54.36480712890625,60.592254638671875
b0NBYxpf9pmWFONmMYhOHIEbAya0.jpg,653.9566040039062,867.2147216796875,49.95281982421875,55.76434326171875
b0NBYxpf9pmWFONmMYhOHIEbAya0.jpg,626.8015747070312,767.3966674804688,59.702911376953125,61.508026123046875
b0NBYxpf9pmWFONmMYhOHIEbAya0.jpg,694.7786865234375,906.0728454589844,65.96121215820312,63.405364990234375
b0Ov6w-7bJiDZB5byMIJfLl6eG-A.jpg,919.5727844238281,816.2452392578125,52.1761474609375,58.111053466796875
b0Ov6w-7bJiDZB5byMIJfLl6eG-A.jpg,606.0469055175781,864.1858520507812,88.256591796875,91.28945922851562
b0Ov6w-7bJiDZB5byMIJfLl6eG-A.jpg,531.7274475097656,829.257080078125,66.33541870117188,76.3778076171875
b0Ov6w-7bJiDZB5byMIJfLl6eG-A.jpg,802.2984619140625,813.1101379394531,86.55935668945312,104.22509765625
b0Ov6w-7bJiDZB5byMIJfLl6eG-A.jpg,598.014404296875,971.9344482421875,64.05209350585938,57.43743896484375
b0Ov6w-7bJiDZB5byMIJfLl6eG-A.jpg,891.7218322753906,919.362548828125,51.6541748046875,57.376922607421875
b0QW0SprPZiHjZybnVj2TRmix-0.jpg,,,,
b0SturM6hN1dEaTIId20qGrFgaM.jpg,842.68359375,567.2217407226562,56.9404296875,65.19989013671875
b0SturM6hN1dEaTIId20qGrFgaM.jpg,748.4440612792969,574.9537353515625,83.34405517578125,73.72030639648438
b0SturM6hN1dEaTIId20qGrFgaM.jpg,515.7124938964844,777.2546997070312,73.31973266601562,63.8421630859375
b0SturM6hN1dEaTIId20qGrFgaM.jpg,566.454833984375,866.523193359375,77.83203125,52.1951904296875
b0T2ebAT7KUKoVYpB4MpfQJe19Y.jpg,978.6982421875,732.3955078125,68.69708251953125,58.1744384765625
b0TOhBRz8Zw4pWCjdYi44oMvzrM.jpg,913.27880859375,770.2612609863281,41.927398681640625,42.157257080078125
b0TOhBRz8Zw4pWCjdYi44oMvzrM.jpg,762.9202575683594,566.0997009277344,42.480438232421875,37.828399658203125
b0TOhBRz8Zw4pWCjdYi44oMvzrM.jpg,709.2238464355469,631.3916931152344,80.41317749023438,59.593017578125
b0TOhBRz8Zw4pWCjdYi44oMvzrM.jpg,532.6723022460938,625.4697265625,40.032501220703125,30.506927490234375
b0TOhBRz8Zw4pWCjdYi44oMvzrM.jpg,528.6026611328125,665.2503662109375,76.7786865234375,64.63214111328125
b0TOhBRz8Zw4pWCjdYi44oMvzrM.jpg,478.0845642089844,757.63623046875,69.22682189941406,71.03448486328125
b0TOhBRz8Zw4pWCjdYi44oMvzrM.jpg,891.1379089355469,830.1543884277344,49.10791015625,44.531707763671875
b0TOhBRz8Zw4pWCjdYi44oMvzrM.jpg,810.2159423828125,755.8276977539062,75.38153076171875,73.8931884765625
b0TOhBRz8Zw4pWCjdYi44oMvzrM.jpg,686.4728393554688,577.7777709960938,42.32818603515625,38.09173583984375
b0TOhBRz8Zw4pWCjdYi44oMvzrM.jpg,431.1155700683594,780.2613525390625,32.68922424316406,36.843536376953125
b0TOhBRz8Zw4pWCjdYi44oMvzrM.jpg,699.3010864257812,940.960693359375,70.03363037109375,72.44427490234375
b0TOhBRz8Zw4pWCjdYi44oMvzrM.jpg,582.2329711914062,934.5907897949219,81.614501953125,75.41815185546875
b0TOhBRz8Zw4pWCjdYi44oMvzrM.jpg,565.5908508300781,1013.2222900390625,28.409576416015625,24.665435791015625
b0WiCoV5KSDqa6XfcXncepw5EcUk.jpg,,,,
b0WqgQQy-xahew1Amsw3C5DhvLU.jpg,641.7103576660156,677.7625732421875,83.89874267578125,65.47122192382812
b0WqgQQy-xahew1Amsw3C5DhvLU.jpg,846.0946960449219,836.7538452148438,77.30905151367188,76.24749755859375
b0WqgQQy-xahew1Amsw3C5DhvLU.jpg,724.4997863769531,910.9173889160156,83.66986083984375,72.330322265625
b0WqgQQy-xahew1Amsw3C5DhvLU.jpg,586.5209045410156,789.6403503417969,73.7841796875,75.00155639648438
b0X9YT6lUlnO6ixwICmNsqyJ4g.jpg,910.6304931640625,698.7708435058594,63.9488525390625,75.12643432617188
b0X9YT6lUlnO6ixwICmNsqyJ4g.jpg,776.8393249511719,540.3719482421875,80.38800048828125,65.4764404296875
b0X9YT6lUlnO6ixwICmNsqyJ4g.jpg,804.2121887207031,494.7913055419922,44.87347412109375,34.12614440917969
b0X9YT6lUlnO6ixwICmNsqyJ4g.jpg,567.4454040527344,623.8951721191406,56.1683349609375,42.378509521484375
b0X9YT6lUlnO6ixwICmNsqyJ4g.jpg,695.525146484375,576.2027587890625,69.5465087890625,62.5277099609375
b0X9YT6lUlnO6ixwICmNsqyJ4g.jpg,998.0779418945312,706.0583190917969,44.510101318359375,37.450164794921875
b0X9YT6lUlnO6ixwICmNsqyJ4g.jpg,837.3833618164062,792.5639038085938,61.690521240234375,59.32354736328125
b0X9YT6lUlnO6ixwICmNsqyJ4g.jpg,543.6076965332031,826.8653564453125,60.128814697265625,51.138885498046875
b0X9YT6lUlnO6ixwICmNsqyJ4g.jpg,995.0664367675781,756.0003967285156,44.75006103515625,48.2000732421875
b0X9YT6lUlnO6ixwICmNsqyJ4g.jpg,654.6273803710938,555.2671203613281,36.131683349609375,24.556671142578125
b0X9YT6lUlnO6ixwICmNsqyJ4g.jpg,739.3665161132812,864.8375549316406,66.10195922851562,74.01580810546875
b0X9YT6lUlnO6ixwICmNsqyJ4g.jpg,595.3720703125,758.9524536132812,62.387115478515625,51.095947265625
b0X9YT6lUlnO6ixwICmNsqyJ4g.jpg,705.142578125,943.7350463867188,43.535125732421875,37.5787353515625
b0X9YT6lUlnO6ixwICmNsqyJ4g.jpg,620.8039245605469,690.8301696777344,56.506561279296875,54.162384033203125
b0X9YT6lUlnO6ixwICmNsqyJ4g.jpg,759.8625183105469,962.2545471191406,45.293121337890625,37.23779296875
b0X9YT6lUlnO6ixwICmNsqyJ4g.jpg,805.9806518554688,864.4103393554688,47.8455810546875,39.1463623046875
b0XI7z-ehGUnU0CBfclWm8xQ8508.jpg,,,,
b0ceHCuHKVlbOY2nesoP7ccJbxEI.jpg,,,,
b0cetIJhJEFKjQMwu9l-SlnLIIQ.jpg,,,,
b0dZAQThtozJxxsMRo5ewY2ebGss.jpg,820.5085144042969,827.1586608886719,43.9910888671875,37.983978271484375
b0dZAQThtozJxxsMRo5ewY2ebGss.jpg,700.58349609375,837.7771606445312,55.02215576171875,44.91552734375
b0ddGKXzm-Qb9CJRRkNUXdRs0cE.jpg,984.6764526367188,749.79833984375,72.28326416015625,69.5465087890625
b0ddGKXzm-Qb9CJRRkNUXdRs0cE.jpg,869.9967041015625,620.8475952148438,60.85321044921875,62.197265625
b0ddGKXzm-Qb9CJRRkNUXdRs0cE.jpg,458.0063781738281,540.4343872070312,62.302093505859375,51.435394287109375
b0ddGKXzm-Qb9CJRRkNUXdRs0cE.jpg,906.3568115234375,1010.3876953125,45.76806640625,43.46661376953125
b0ddGKXzm-Qb9CJRRkNUXdRs0cE.jpg,764.0187377929688,469.7869873046875,95.62646484375,71.9212646484375
b0ddGKXzm-Qb9CJRRkNUXdRs0cE.jpg,957.3358154296875,602.3739013671875,64.4688720703125,52.159912109375
b0ddGKXzm-Qb9CJRRkNUXdRs0cE.jpg,865.8677368164062,751.2472534179688,70.99530029296875,67.111572265625
b0ddGKXzm-Qb9CJRRkNUXdRs0cE.jpg,857.8988647460938,1044.6466674804688,56.50653076171875,47.81317138671875
b0ddGKXzm-Qb9CJRRkNUXdRs0cE.jpg,544.215087890625,591.3628540039062,94.17755126953125,70.9852294921875
b0ddGKXzm-Qb9CJRRkNUXdRs0cE.jpg,924.3629760742188,671.55859375,60.85321044921875,52.1951904296875
b0ddGKXzm-Qb9CJRRkNUXdRs0cE.jpg,519.5840454101562,522.3232879638672,52.884307861328125,47.08879089355469
b0ddGKXzm-Qb9CJRRkNUXdRs0cE.jpg,764.5941772460938,558.5454711914062,90.16925048828125,76.82501220703125
b0ddGKXzm-Qb9CJRRkNUXdRs0cE.jpg,637.6681823730469,996.1089477539062,44.91546630859375,33.32440185546875
b0ddGKXzm-Qb9CJRRkNUXdRs0cE.jpg,623.8392333984375,684.5445556640625,76.79095458984375,70.5130615234375
b0ddGKXzm-Qb9CJRRkNUXdRs0cE.jpg,503.646240234375,737.185302734375,89.16677856445312,80.338134765625
b0ddGKXzm-Qb9CJRRkNUXdRs0cE.jpg,829.0137329101562,938.153564453125,71.20361328125,66.4224853515625
b0ddGKXzm-Qb9CJRRkNUXdRs0cE.jpg,609.4149780273438,927.2868957519531,47.81317138671875,46.3643798828125
b0ddGKXzm-Qb9CJRRkNUXdRs0cE.jpg,668.7444458007812,919.22802734375,79.68865966796875,74.2296142578125
b0eoMSzlZJPq0j2QXfjPckJY1iuY.jpg,816.3961181640625,527.7462463378906,76.79095458984375,60.038360595703125
b0eoMSzlZJPq0j2QXfjPckJY1iuY.jpg,987.740478515625,689.2351684570312,63.611114501953125,67.590087890625
b0eoMSzlZJPq0j2QXfjPckJY1iuY.jpg,790.9032897949219,612.9896240234375,78.37680053710938,62.778533935546875
b0eoMSzlZJPq0j2QXfjPckJY1iuY.jpg,711.4428405761719,583.6807250976562,64.22723388671875,61.39886474609375
b0eoMSzlZJPq0j2QXfjPckJY1iuY.jpg,931.9560241699219,797.2339477539062,70.00784301757812,60.853179931640625
b0eoMSzlZJPq0j2QXfjPckJY1iuY.jpg,896.212890625,704.3799438476562,70.50326538085938,80.2178955078125
b0hF1pH7o9Ji7ejDYzpenvZFdM0.jpg,910.783203125,822.24267578125,60.8531494140625,67.4442138671875
b0hF1pH7o9Ji7ejDYzpenvZFdM0.jpg,759.3247680664062,566.1083374023438,70.99560546875,69.971923828125
b0hF1pH7o9Ji7ejDYzpenvZFdM0.jpg,738.2332458496094,719.675537109375,51.386566162109375,57.74957275390625
b0hF1pH7o9Ji7ejDYzpenvZFdM0.jpg,742.9089660644531,659.0944213867188,79.01724243164062,66.05633544921875
b0hF1pH7o9Ji7ejDYzpenvZFdM0.jpg,554.3609619140625,768.386474609375,39.8436279296875,54.4219970703125
b0hF1pH7o9Ji7ejDYzpenvZFdM0.jpg,666.8173828125,610.9354858398438,67.07208251953125,65.394775390625
b0hF1pH7o9Ji7ejDYzpenvZFdM0.jpg,818.4083862304688,886.3756713867188,75.342041015625,66.515869140625
b0hF1pH7o9Ji7ejDYzpenvZFdM0.jpg,637.6759643554688,597.0041198730469,50.834228515625,35.968353271484375
b0hF1pH7o9Ji7ejDYzpenvZFdM0.jpg,600.5274047851562,775.7337036132812,73.388916015625,74.57830810546875
b0hF1pH7o9Ji7ejDYzpenvZFdM0.jpg,810.81005859375,793.7322387695312,80.62518310546875,77.76361083984375
b0hTJaf8smIm1IDNpA3Iq0bsxus.jpg,824.574462890625,803.0853271484375,61.583953857421875,55.928009033203125
b0hTJaf8smIm1IDNpA3Iq0bsxus.jpg,693.4283142089844,979.6153869628906,60.269378662109375,60.654754638671875
b0hTJaf8smIm1IDNpA3Iq0bsxus.jpg,625.3526916503906,857.1241149902344,64.99234008789062,61.536956787109375
b0i813MAcLpvMvEHeQkW7Tg5pP2o.jpg,732.6907043457031,707.2633972167969,35.775970458984375,41.27996826171875
b0i813MAcLpvMvEHeQkW7Tg5pP2o.jpg,614.3547973632812,893.48193359375,27.0523681640625,24.08135986328125
b0jiC3YFi8dhu53EhrtT-NKC3Ncg.jpg,,,,
b0oErQg0foPZaDqUgRYj64vVTxQ.jpg,651.4019165039062,888.4306640625,28.71112060546875,29.8427734375
b0olLVeMwWN4niLd1BfykVyzqdY.jpg,,,,
b0olj8PpMDaCHLm4k3pUMc3qrO4.jpg,599.4804382324219,736.2331848144531,77.51541137695312,58.9354248046875
b0olj8PpMDaCHLm4k3pUMc3qrO4.jpg,917.9843139648438,651.2866516113281,68.20046997070312,73.92257690429688
b0olj8PpMDaCHLm4k3pUMc3qrO4.jpg,629.0321655273438,872.8997192382812,68.81719970703125,60.10418701171875
b0orPVxYiuAOHvg9JRamaySdKOsc.jpg,854.3683471679688,670.2481384277344,90.24551391601562,79.68801879882812
b0orPVxYiuAOHvg9JRamaySdKOsc.jpg,897.79248046875,621.239501953125,70.36419677734375,59.605712890625
b0orPVxYiuAOHvg9JRamaySdKOsc.jpg,734.0936279296875,950.0955810546875,91.3760986328125,76.37091064453125
b0orPVxYiuAOHvg9JRamaySdKOsc.jpg,712.6768188476562,845.4249267578125,95.62646484375,82.34808349609375
b0orPVxYiuAOHvg9JRamaySdKOsc.jpg,979.7405395507812,792.0758666992188,59.04168701171875,74.66864013671875
b0orPVxYiuAOHvg9JRamaySdKOsc.jpg,621.0059814453125,879.4613037109375,81.5845947265625,85.1976318359375
b0orPVxYiuAOHvg9JRamaySdKOsc.jpg,888.2564697265625,771.7171630859375,83.21524047851562,88.18658447265625
b0psmkY1IKSTLKlaCbw7xm5afP3A.jpg,793.9651489257812,592.5969848632812,70.54693603515625,66.6488037109375
b0psmkY1IKSTLKlaCbw7xm5afP3A.jpg,941.3783264160156,817.1114501953125,45.860443115234375,47.4111328125
b0psmkY1IKSTLKlaCbw7xm5afP3A.jpg,607.318359375,696.2557983398438,67.30670166015625,71.54669189453125
b0rpcXs6lAtSwkF4uxgoWTfRGU.jpg,,,,
b0t0i7Up-N7SKVIpgIHmL27YfD1M.jpg,702.8663330078125,693.5707397460938,59.25933837890625,42.31488037109375
b0t0i7Up-N7SKVIpgIHmL27YfD1M.jpg,861.5210571289062,775.0496520996094,56.525634765625,49.57110595703125
b0t0i7Up-N7SKVIpgIHmL27YfD1M.jpg,789.5947875976562,883.3981628417969,58.476715087890625,42.58123779296875
b0t0i7Up-N7SKVIpgIHmL27YfD1M.jpg,645.65966796875,786.3740844726562,59.45306396484375,45.53558349609375
b0tXpblaTKCgX1hQTGjcp6QT182E.jpg,632.0191040039062,784.6868896484375,49.2777099609375,50.02825927734375
b0u2dwqmIMuUu59YYBZLTlOYNt0.jpg,755.1305541992188,611.0183715820312,64.8077392578125,71.15719604492188
b0u2dwqmIMuUu59YYBZLTlOYNt0.jpg,480.464111328125,679.5523681640625,68.09756469726562,65.68804931640625
b0u2dwqmIMuUu59YYBZLTlOYNt0.jpg,991.15380859375,976.8522644042969,37.61346435546875,43.24310302734375
b0u2dwqmIMuUu59YYBZLTlOYNt0.jpg,834.6224975585938,668.1036071777344,66.62277221679688,60.2222900390625
b0u2dwqmIMuUu59YYBZLTlOYNt0.jpg,669.1302185058594,1056.94580078125,65.38043212890625,57.96124267578125
b0u2dwqmIMuUu59YYBZLTlOYNt0.jpg,532.8742980957031,763.0046691894531,68.53265380859375,67.75564575195312
b0u2dwqmIMuUu59YYBZLTlOYNt0.jpg,426.4336853027344,708.5653381347656,65.61497497558594,65.02029418945312
b0u2dwqmIMuUu59YYBZLTlOYNt0.jpg,964.2836608886719,1014.1162109375,48.016876220703125,41.68206787109375
b0u2dwqmIMuUu59YYBZLTlOYNt0.jpg,730.6424560546875,694.4917602539062,77.20370483398438,69.57009887695312
b0u2dwqmIMuUu59YYBZLTlOYNt0.jpg,724.0265808105469,979.6502990722656,77.74481201171875,69.70266723632812
b0u2dwqmIMuUu59YYBZLTlOYNt0.jpg,876.0016784667969,927.2586364746094,80.020751953125,70.97555541992188
b0u2dwqmIMuUu59YYBZLTlOYNt0.jpg,930.7863159179688,761.6787719726562,39.3492431640625,40.444915771484375
b0u2dwqmIMuUu59YYBZLTlOYNt0.jpg,772.726318359375,1067.539306640625,69.26388549804688,56.1641845703125
b0u2dwqmIMuUu59YYBZLTlOYNt0.jpg,862.9784240722656,829.7338562011719,73.9027099609375,66.91940307617188
b0u2dwqmIMuUu59YYBZLTlOYNt0.jpg,505.1022186279297,870.2621459960938,80.57015991210938,74.64260864257812
b0u2dwqmIMuUu59YYBZLTlOYNt0.jpg,978.3034362792969,802.1722717285156,41.34429931640625,42.18768310546875
b0u2dwqmIMuUu59YYBZLTlOYNt0.jpg,478.7487335205078,966.1541137695312,59.54498291015625,60.084991455078125
b0u2dwqmIMuUu59YYBZLTlOYNt0.jpg,414.82720947265625,914.4547729492188,65.369873046875,60.89434814453125
b0uPIHx8926mmzez-pMIONV-2EdE.jpg,,,,
b0wWH2CKmqLGdSnqRTqO-N3uSmdA.jpg,803.5070190429688,601.7822265625,62.52783203125,48.0609130859375
b0wWH2CKmqLGdSnqRTqO-N3uSmdA.jpg,663.023681640625,674.4563598632812,52.8284912109375,44.6568603515625
b0wWH2CKmqLGdSnqRTqO-N3uSmdA.jpg,838.6382141113281,890.7901306152344,37.87811279296875,37.58203125
b0wWH2CKmqLGdSnqRTqO-N3uSmdA.jpg,689.9621887207031,825.5969848632812,49.27777099609375,49.520355224609375
b0xgpBoQVdDzOngUjrTituQkd8.jpg,,,,
b0xhA8TCuQtLRbirX369iE7dJvUE.jpg,971.8754577636719,605.0713806152344,69.5391845703125,74.60830688476562
b0xhA8TCuQtLRbirX369iE7dJvUE.jpg,977.431884765625,831.1033325195312,73.27001953125,79.01226806640625
b0xhA8TCuQtLRbirX369iE7dJvUE.jpg,803.1357727050781,517.5543823242188,51.275299072265625,45.99114990234375
b0xhA8TCuQtLRbirX369iE7dJvUE.jpg,605.5199279785156,630.4700012207031,78.05361938476562,66.53564453125
b0xhA8TCuQtLRbirX369iE7dJvUE.jpg,757.8309326171875,548.2547302246094,43.772705078125,45.62884521484375
b0xhA8TCuQtLRbirX369iE7dJvUE.jpg,804.8693542480469,594.1455993652344,71.9951171875,68.3070068359375
b0xhA8TCuQtLRbirX369iE7dJvUE.jpg,677.63330078125,923.4734497070312,78.45196533203125,64.48593139648438
b0xhA8TCuQtLRbirX369iE7dJvUE.jpg,899.0894165039062,647.3060607910156,75.4556884765625,76.86508178710938
b0xhA8TCuQtLRbirX369iE7dJvUE.jpg,867.316650390625,810.4026184082031,77.72824096679688,81.6558837890625
b0xhA8TCuQtLRbirX369iE7dJvUE.jpg,576.532958984375,834.18701171875,70.2513427734375,80.62530517578125
b0xhA8TCuQtLRbirX369iE7dJvUE.jpg,863.6943969726562,924.21435546875,67.71084594726562,67.71087646484375
b0xhA8TCuQtLRbirX369iE7dJvUE.jpg,660.9976196289062,815.7560272216797,91.39971923828125,79.34979248046875
b0xhA8TCuQtLRbirX369iE7dJvUE.jpg,658.3451232910156,680.1190185546875,74.10174560546875,74.30601501464844
b0xhA8TCuQtLRbirX369iE7dJvUE.jpg,580.53271484375,602.6739501953125,61.57763671875,46.3643798828125
b0xhA8TCuQtLRbirX369iE7dJvUE.jpg,1292.6507568359375,873.018310546875,0.0,0.0
b0xuS1OaRX7JXc12nDCE1V19XUo8.jpg,,,,
b0y2tMS9MhLdCvc9aRveQaHxqsA.jpg,760.1040344238281,618.50146484375,61.7635498046875,55.7298583984375
b0y2tMS9MhLdCvc9aRveQaHxqsA.jpg,601.3473510742188,637.4447937011719,68.52908325195312,62.340850830078125
b0y2tMS9MhLdCvc9aRveQaHxqsA.jpg,804.126220703125,773.024658203125,50.010711669921875,39.594573974609375
b0y2tMS9MhLdCvc9aRveQaHxqsA.jpg,707.1351928710938,845.2436828613281,57.955413818359375,50.693450927734375
b0y2tMS9MhLdCvc9aRveQaHxqsA.jpg,806.4181213378906,705.0348510742188,54.8515625,47.79949951171875
b0y2tMS9MhLdCvc9aRveQaHxqsA.jpg,581.4891662597656,729.4735107421875,68.12789916992188,57.196563720703125
